seed,channel,calibrated,parameter,truth,posterior_mean,posterior_median,posterior_sd,q025,q975,relative_bias,relative_bias_median,covered_95,covered_50,interval_width_95,max_r_hat,min_ess_bulk,divergences,divergence_rate,seconds
0,search,True,roas,2.1332767600169937,1.9525035479085662,1.9402651970928444,0.34837912262831366,1.2972439051062208,2.678801851258321,-0.08473969036581429,-0.09047656944550027,True,True,1.3815579461521004,1.02,273.0,2,0.002,45.71250510215759
0,search,True,half_saturation,1.2070464463089443,2.223884845080016,1.892897128663669,1.1645442817211547,1.0391431222936596,5.471764460777757,0.842418617676632,0.5682057094422536,True,False,4.432621338484097,1.02,273.0,2,0.002,45.71250510215759
0,search,True,beta,0.25993433433518687,0.31532710220043225,0.30600325720763216,0.07190359848416211,0.2089714593810184,0.4840183205980083,0.21310292850276594,0.17723292688621559,True,False,0.2750468612169899,1.02,273.0,2,0.002,45.71250510215759
0,search,True,slope,1.1,1.0449820366064009,1.0103226857506993,0.22418851444656904,0.7147072976118577,1.5332505387356294,-0.05001633035781746,-0.081524831135728,True,True,0.8185432411237717,1.02,273.0,2,0.002,45.71250510215759
0,search,True,decay,0.15,0.11944118480146523,0.11636417654133942,0.05436572405521501,0.02859015556050389,0.22856260929557617,-0.2037254346568984,-0.22423882305773718,True,True,0.19997245373507228,1.02,273.0,2,0.002,45.71250510215759
0,social,True,roas,1.965134793134381,2.102760439691914,2.097064650472872,0.2985533222754009,1.4766383947265167,2.73294018861881,0.07003369287356653,0.06713527122893363,True,True,1.2563017938922934,1.02,273.0,2,0.002,45.71250510215759
0,social,True,half_saturation,1.2595173608552923,1.611972652173292,1.3710865138048005,0.9110019777372846,0.86529251506748,3.6264454955257324,0.2798336110894574,0.08858087741938361,True,True,2.7611529804582524,1.02,273.0,2,0.002,45.71250510215759
0,social,True,beta,0.18995201355263655,0.22141043460300783,0.21137930048721254,0.05356258158140313,0.14818307183132595,0.35120300710313807,0.1656124642324679,0.11280368411908617,True,True,0.2030199352718121,1.02,273.0,2,0.002,45.71250510215759
0,social,True,slope,1.4,1.2451761895836058,1.197349438934833,0.3089107216738439,0.7891462190841284,1.9325482319284408,-0.11058843601171012,-0.14475040076083356,True,True,1.1434020128443123,1.02,273.0,2,0.002,45.71250510215759
0,social,True,decay,0.45,0.38737212263033294,0.3923378134381287,0.0761684839759696,0.22534366020348517,0.5220681697246176,-0.13917306082148237,-0.12813819235971408,True,False,0.2967245095211324,1.02,273.0,2,0.002,45.71250510215759
0,video,False,roas,1.5807993181671405,2.249278052502676,2.196339987063733,0.658279392717979,1.2424217414731256,3.7385463712290528,0.42287387567360785,0.38938571254590487,True,False,2.4961246297559274,1.02,273.0,2,0.002,45.71250510215759
0,video,False,half_saturation,1.697346795148341,2.066013179881358,1.8033893938494185,1.0930809341408274,0.9730578276516125,4.895790146828261,0.2172015676388615,0.06247550530285704,True,True,3.922732319176649,1.02,273.0,2,0.002,45.71250510215759
0,video,False,beta,0.12996716716759343,0.19124183002290104,0.1807778190341305,0.06106685658321857,0.10761837329916339,0.3406240472262372,0.4714626331455972,0.3909499066100013,True,False,0.23300567392707378,1.02,273.0,2,0.002,45.71250510215759
0,video,False,slope,1.8,1.4268044045364827,1.358996925101672,0.4087512760019964,0.8433360449108233,2.4737150572919377,-0.20733088636862074,-0.2450017082768489,True,False,1.6303790123811144,1.02,273.0,2,0.002,45.71250510215759
0,video,False,decay,0.65,0.6259306300223513,0.629426561943226,0.04379808735067747,0.5231190613869316,0.7003634006327392,-0.03702979996561345,-0.03165144316426774,True,True,0.17724433924580751,1.02,273.0,2,0.002,45.71250510215759
0,tv,False,roas,1.0000804284619296,1.1753861885690187,1.1189135705595021,0.27868511769781656,0.8392289251157882,1.852091630726178,0.17529166166835203,0.11882358529936597,True,True,1.0128627056103898,1.02,273.0,2,0.002,45.71250510215759
0,tv,False,half_saturation,4.50189008263325,5.687191879689515,4.999762945931227,2.530353457411094,3.065478256961758,12.38481592037898,0.2632898127896889,0.11059196341079054,True,True,9.319337663417222,1.02,273.0,2,0.002,45.71250510215759
0,tv,False,beta,0.1549608531613614,0.20731714803075266,0.18754833802006032,0.08183375257099564,0.11770242439695135,0.40871945274570665,0.33786787954034053,0.21029494994303774,True,False,0.2910170283487553,1.02,273.0,2,0.002,45.71250510215759
0,tv,False,slope,2.0,1.8524886534619398,1.789591981267618,0.4780040209926865,1.118374946215652,3.007848124999673,-0.0737556732690301,-0.10520400936619101,True,True,1.8894731787840209,1.02,273.0,2,0.002,45.71250510215759
0,email,False,roas,4.2642139315692,2.2812082646440572,1.980362903220735,1.3195126833601205,0.591995234049713,5.877494071129937,-0.4650342826949611,-0.5355854713199214,True,False,5.285498837080224,1.02,273.0,2,0.002,45.71250510215759
0,email,False,half_saturation,1.197863200727333,2.0732502138258826,1.6166071323550573,1.610208382184859,0.4898677784531038,6.541213762073007,0.730790471371874,0.3495757540372441,True,True,6.051345983619903,1.02,273.0,2,0.002,45.71250510215759
0,email,False,beta,0.04748800338815914,0.038512836637987276,0.03134396816425881,0.032119927533091355,0.007098310317301569,0.11321053281623471,-0.18899861248767028,-0.3399602862209564,True,False,0.10611222249893314,1.02,273.0,2,0.002,45.71250510215759
0,email,False,slope,1.0,1.4218711474097323,1.3558487965584982,0.4533703377448601,0.7303690966320322,2.540659750418948,0.4218711474097323,0.3558487965584982,True,False,1.810290653786916,1.02,273.0,2,0.002,45.71250510215759
0,email,False,decay,0.3,0.3982768733254414,0.3914595669090793,0.17428755987088132,0.09068966558518933,0.739381713872323,0.32758957775147146,0.30486522303026437,True,True,0.6486920482871337,1.02,273.0,2,0.002,45.71250510215759
1,search,True,roas,2.234340710126482,1.9717388860881155,1.9514964151877552,0.40466875129095137,1.2021313213881042,2.791554263290546,-0.11752989275458402,-0.1265895991854866,True,True,1.5894229419024417,1.01,445.0,4,0.004,50.8334379196167
1,search,True,half_saturation,1.227201470139561,1.8104090362598222,1.5127674317081024,1.0327393242764848,0.8788489787016422,4.811175353594369,0.47523375770886017,0.23269688679240735,True,True,3.9323263748927273,1.01,445.0,4,0.004,50.8334379196167
1,search,True,beta,0.25970686904414536,0.2673745155033275,0.25355728700872937,0.06464497683214233,0.17086664436708862,0.4314349877760862,0.02952423433158715,-0.02367893486240703,True,True,0.2605683434089976,1.01,445.0,4,0.004,50.8334379196167
1,search,True,slope,1.1,1.1132229264609164,1.0869813364684604,0.264564236685166,0.6900175830481309,1.7279002851712184,0.012020842237196612,-0.011835148665036078,True,True,1.0378827021230874,1.01,445.0,4,0.004,50.8334379196167
1,search,True,decay,0.15,0.24713612948447888,0.2455711537252626,0.07076860757783641,0.11351634701363861,0.39903057181024787,0.6475741965631926,0.637141024835084,True,False,0.28551422479660926,1.01,445.0,4,0.004,50.8334379196167
1,social,True,roas,1.9110075780854339,2.0337030784657815,2.0289681329041755,0.3834959503821641,1.3406375018968062,2.8236244156195682,0.06420461215714883,0.061726890134534106,True,True,1.482986913722762,1.01,445.0,4,0.004,50.8334379196167
1,social,True,half_saturation,1.2287227441241535,1.5828803400222113,1.3889847710737415,0.7258561891879123,0.8796232060279991,3.737650733001926,0.2882323108216778,0.13042977166002123,True,True,2.858027526973927,1.01,445.0,4,0.004,50.8334379196167
1,social,True,beta,0.18978578891687548,0.22353073208726296,0.21321450061379624,0.05291148952292529,0.1466697477544898,0.3587144926800473,0.17780542664955526,0.12344818772064295,True,True,0.2120447449255575,1.01,445.0,4,0.004,50.8334379196167
1,social,True,slope,1.4,1.3016560621533353,1.258315554883978,0.33613936300822234,0.7890127126031945,2.0612480986675195,-0.07024566989047473,-0.10120317508287284,True,True,1.272235386064325,1.01,445.0,4,0.004,50.8334379196167
1,social,True,decay,0.45,0.4426072916166089,0.44427975157029653,0.0637968204499876,0.30926557061342913,0.5577783697786721,-0.01642824085198027,-0.01271166317711884,True,True,0.248512799165243,1.01,445.0,4,0.004,50.8334379196167
1,video,False,roas,1.5852349116281546,2.1614668791030116,1.938879075403972,0.8615826113302478,1.016199204498442,4.366346786911582,0.3634994178137446,0.22308628278480094,True,True,3.35014758241314,1.01,445.0,4,0.004,50.8334379196167
1,video,False,half_saturation,1.7677915169977019,3.5639859802404934,3.0917182839373005,2.144131600653689,1.2230643405542636,8.694637302670934,1.0160669094584904,0.7489156691893548,True,False,7.47157296211667,1.01,445.0,4,0.004,50.8334379196167
1,video,False,beta,0.12985343452207268,0.2632752496069183,0.24322589051680274,0.1136617809808735,0.133979042760537,0.5036580437041833,1.0274800630103191,0.8730801492621194,False,False,0.36967900094364636,1.01,445.0,4,0.004,50.8334379196167
1,video,False,slope,1.8,1.3429983555105496,1.3116368325836039,0.37361196626479437,0.7434865534656157,2.172585352056103,-0.2538898024941391,-0.27131287078688676,True,False,1.4290987985904875,1.01,445.0,4,0.004,50.8334379196167
1,video,False,decay,0.65,0.6677686141990314,0.6715879681559641,0.04465326376006404,0.572311647272104,0.7442129094833204,0.02733632953697141,0.03321225870148321,True,True,0.17190126221121638,1.01,445.0,4,0.004,50.8334379196167
1,tv,False,roas,1.0863937606203613,1.1099624209425738,1.0526182248636977,0.2524769110515011,0.8085390441378985,1.7826276901900573,0.021694399559837433,-0.03108958922718482,True,True,0.9740886460521588,1.01,445.0,4,0.004,50.8334379196167
1,tv,False,half_saturation,4.16726780728576,6.330202779202442,5.561723959672834,3.163842425531725,2.8997469118189634,15.304573336725916,0.5190295109268375,0.3346211995180883,True,False,12.404826424906952,1.01,445.0,4,0.004,50.8334379196167
1,tv,False,beta,0.1548252488532405,0.2134219971529177,0.1893402537460646,0.09857832150216868,0.10947672490910426,0.4804985617378472,0.37847023488540493,0.22292878679976175,True,True,0.37102183682874296,1.01,445.0,4,0.004,50.8334379196167
1,tv,False,slope,2.0,1.6965658964968866,1.6457463369617165,0.4396506840630299,0.9807790396210815,2.6689544430616534,-0.1517170517515567,-0.17712683151914177,True,False,1.6881754034405718,1.01,445.0,4,0.004,50.8334379196167
1,email,False,roas,4.3698961468368065,2.3593417097577816,2.050006277741377,1.4318973347743773,0.5401926479437447,5.906961955806592,-0.4600920409823435,-0.5308798633062951,True,False,5.366769307862848,1.01,445.0,4,0.004,50.8334379196167
1,email,False,half_saturation,1.2412614613032666,2.0950775057001465,1.6458282647653353,1.6207840161714944,0.47766959973238027,6.252895501239658,0.6878615594013632,0.32593197813238506,True,True,5.775225901507278,1.01,445.0,4,0.004,50.8334379196167
1,email,False,beta,0.04744644722921887,0.0367007175896219,0.03139279406226221,0.0261001839726619,0.0067251892464328215,0.10150146697837162,-0.22648122814513796,-0.33835311397289114,True,False,0.0947762777319388,1.01,445.0,4,0.004,50.8334379196167
1,email,False,slope,1.0,1.392065457798787,1.333200006485436,0.452538060498423,0.715103096264133,2.464536440738875,0.392065457798787,0.3332000064854359,True,False,1.7494333444747419,1.01,445.0,4,0.004,50.8334379196167
1,email,False,decay,0.3,0.3950987230985287,0.3799932312358796,0.1965870910399329,0.06029271473269567,0.7857476411817872,0.3169957436617625,0.26664410411959866,True,True,0.7254549264490915,1.01,445.0,4,0.004,50.8334379196167
2,search,True,roas,2.158948202589314,1.9347820940015104,1.9151130135920775,0.3609419665118277,1.2835231732188983,2.6629340423855172,-0.10383116571252243,-0.11294165775019287,True,True,1.379410869166619,1.02,454.0,6,0.006,47.09798312187195
2,search,True,half_saturation,1.2042912944770927,1.8889923817208523,1.6490320072147098,0.8424017186242899,1.0077948291898202,4.178342146084746,0.5685510560308908,0.3692966268021766,True,False,3.1705473168949254,1.02,454.0,6,0.006,47.09798312187195
2,search,True,beta,0.25508275706052885,0.28754403548161667,0.27812163328806894,0.06161528640271761,0.19761076013143147,0.43981198802129917,0.1272578311257042,0.09031922225175402,True,True,0.2422012278898677,1.02,454.0,6,0.006,47.09798312187195
2,search,True,slope,1.1,1.1717587784040975,1.1544376080648722,0.24013713846452836,0.7699613291319933,1.7078144894629053,0.06523525309463399,0.04948873460442916,True,True,0.9378531603309119,1.02,454.0,6,0.006,47.09798312187195
2,search,True,decay,0.15,0.22574334068299118,0.22302794562971845,0.06638058957090805,0.1031884503886361,0.3566513210212352,0.5049556045532746,0.48685297086478974,True,False,0.2534628706325991,1.02,454.0,6,0.006,47.09798312187195
2,social,True,roas,1.8740841229351781,1.8069683745007032,1.8062121288958553,0.3336119684690448,1.2084486929567093,2.4883222696351672,-0.035812559112532595,-0.03621608721225502,True,True,1.279873576678458,1.02,454.0,6,0.006,47.09798312187195
2,social,True,half_saturation,1.2054705220419348,1.6783121032625519,1.3909470878897336,0.9683953065932076,0.8702840219128087,4.57667244551193,0.39224649012542856,0.15386238191343066,True,True,3.706388423599121,1.02,454.0,6,0.006,47.09798312187195
2,social,True,beta,0.18640663015961723,0.20627929207460177,0.1955658005441433,0.0554436837450696,0.13564642389521253,0.3556560000345241,0.10660920106740775,0.049135432450461716,True,True,0.22000957613931155,1.02,454.0,6,0.006,47.09798312187195
2,social,True,slope,1.4,1.332015418923186,1.2849998772722284,0.33868298170451544,0.7827805405812779,2.100775141273269,-0.048560415054867016,-0.08214294480555107,True,True,1.3179946006919914,1.02,454.0,6,0.006,47.09798312187195
2,social,True,decay,0.45,0.5280182631547425,0.5290302445125727,0.05790427547127096,0.4103632712540554,0.6349759050939833,0.17337391812165007,0.17562276558349496,True,False,0.22461263383992786,1.02,454.0,6,0.006,47.09798312187195
2,video,False,roas,1.5910372266443351,1.9244671720676219,1.8073424392967432,0.6602780935750799,0.9944638067150644,3.44828434153214,0.2095676580280435,0.1359523265892518,True,True,2.4538205348170754,1.02,454.0,6,0.006,47.09798312187195
2,video,False,half_saturation,1.6560194315602224,2.4694161169621376,1.9629040259180819,1.6365777647835869,0.9319928023941201,6.352672393829614,0.4911758098367069,0.1853146095446039,True,True,5.420679591435494,1.02,454.0,6,0.006,47.09798312187195
2,video,False,beta,0.12754137853026443,0.18044191283365157,0.16474106188514948,0.07136419616199931,0.09579045988375319,0.34110587727253466,0.41477154248285253,0.2916675653310263,True,False,0.2453154173887815,1.02,454.0,6,0.006,47.09798312187195
2,video,False,slope,1.8,1.4128082855427924,1.354443015715363,0.4063228772509519,0.7701758453551671,2.339554308898352,-0.21510650803178205,-0.24753165793590942,True,False,1.5693784635431847,1.02,454.0,6,0.006,47.09798312187195
2,video,False,decay,0.65,0.624912766389418,0.6326277413836339,0.06707554192175641,0.47350500004793417,0.7307995485854613,-0.03859574401628011,-0.02672655171748639,True,True,0.2572945485375271,1.02,454.0,6,0.006,47.09798312187195
2,tv,False,roas,1.1273279758997703,1.2528739569150558,1.218637623847457,0.1844213108956815,0.9949854919647656,1.7049456212916108,0.11136597662723811,0.08099652443629675,True,True,0.7099601293268452,1.02,454.0,6,0.006,47.09798312187195
2,tv,False,half_saturation,3.6628721256948977,4.99033436629405,4.213225286850166,2.7050025970483103,2.4808905128151166,11.780468854451565,0.36241020572000293,0.1502518084905459,True,True,9.299578341636447,1.02,454.0,6,0.006,47.09798312187195
2,tv,False,beta,0.1520685667091614,0.21239744776545127,0.1875129434511884,0.10262719675031852,0.11235604313991818,0.4648913313293119,0.3967215734443779,0.233081546759207,True,True,0.3525352881893937,1.02,454.0,6,0.006,47.09798312187195
2,tv,False,slope,2.0,1.808251717321403,1.7235607036142806,0.48320194830087493,1.1126537313176597,2.9564103254433673,-0.0958741413392985,-0.1382196481928597,True,True,1.8437565941257077,1.02,454.0,6,0.006,47.09798312187195
2,email,False,roas,4.261940170364865,2.5657192465600165,2.3027781319638323,1.4835256691534102,0.6534557069265992,6.249675084715299,-0.3979926643737083,-0.4596878323219889,True,False,5.5962193777886995,1.02,454.0,6,0.006,47.09798312187195
2,email,False,half_saturation,1.2008618121314496,2.139277831046081,1.6835142714110627,1.5801164309394604,0.5692851576401172,6.694543248519071,0.7814521283252448,0.4019217318793219,True,True,6.125258090878953,1.02,454.0,6,0.006,47.09798312187195
2,email,False,beta,0.046601657539904306,0.04125357132866135,0.03552181855770231,0.026356428615419075,0.009598966380429228,0.10622421896251118,-0.11476171650468589,-0.23775632814593545,True,True,0.09662525258208195,1.02,454.0,6,0.006,47.09798312187195
2,email,False,slope,1.0,1.4704603366217774,1.3807636956523366,0.5086630189392507,0.7444065827373105,2.7137405059361837,0.47046033662177744,0.3807636956523366,True,False,1.9693339231988731,1.02,454.0,6,0.006,47.09798312187195
2,email,False,decay,0.3,0.27371744217528465,0.24651847251779951,0.15347776166944793,0.04768293538870486,0.6113048881313699,-0.08760852608238445,-0.1782717582740016,True,True,0.563621952742665,1.02,454.0,6,0.006,47.09798312187195
3,search,True,roas,2.1747572076273647,2.2012789607299723,2.1772971055016215,0.3606152491480305,1.5370898204834473,2.899958518973617,0.012195270814410844,0.0011678995086664367,True,True,1.3628686984901695,1.01,322.0,0,0.0,44.391136169433594
3,search,True,half_saturation,1.2025656262068318,1.255239726643346,1.1412080404222618,0.4353217034831695,0.741787844700187,2.430903330215301,0.04380143527190305,-0.051022234834789,True,True,1.689115485515114,1.01,322.0,0,0.0,44.391136169433594
3,search,True,beta,0.258091719969011,0.25911895028503945,0.2537418486002723,0.04486224044813101,0.18710872938139692,0.35812891417386616,0.00398009791306676,-0.016853974894122693,True,True,0.17102018479246925,1.01,322.0,0,0.0,44.391136169433594
3,search,True,slope,1.1,1.1267843843795218,1.1007579817289739,0.24065929957438315,0.7431659485554073,1.6299911359758894,0.024349440345019714,0.0006890742990670808,True,True,0.8868251874204821,1.01,322.0,0,0.0,44.391136169433594
3,search,True,decay,0.15,0.14402437491470477,0.14215620186199968,0.05838222672589968,0.03933538649309557,0.2696710972141201,-0.03983750056863485,-0.052291987586668795,True,True,0.23033571072102452,1.01,322.0,0,0.0,44.391136169433594
3,social,True,roas,1.8381247197406658,2.019691415115349,2.0283709163912493,0.27329186758613433,1.4921043778499261,2.5573072651620055,0.09877822403710443,0.1035001567670689,True,False,1.0652028873120793,1.01,322.0,0,0.0,44.391136169433594
3,social,True,half_saturation,1.205610785149863,1.6151040645691512,1.3207363362782363,0.9045980266073484,0.8557152753223113,4.14702802037687,0.33965628415341886,0.0954914741527156,True,True,3.2913127450545585,1.01,322.0,0,0.0,44.391136169433594
3,social,True,beta,0.18860548766966187,0.22916220979724813,0.2185229366373616,0.05175494081265548,0.15506603445922018,0.34966408837748686,0.21503468763655711,0.15862448827628736,True,False,0.19459805391826668,1.01,322.0,0,0.0,44.391136169433594
3,social,True,slope,1.4,1.1481321309093182,1.113008774631224,0.28005182854253885,0.7183652945706589,1.7739227669938802,-0.17990562077905836,-0.20499373240626848,True,False,1.0555574724232213,1.01,322.0,0,0.0,44.391136169433594
3,social,True,decay,0.45,0.37057587041950535,0.3745082460865451,0.07886733499345308,0.20974927400954763,0.5178741549857494,-0.17649806573443258,-0.16775945314101093,True,False,0.3081248809762018,1.01,322.0,0,0.0,44.391136169433594
3,video,False,roas,1.5861884201035947,2.9132570533879862,2.82647158681514,0.8384416281464622,1.548410309810536,4.836189594225015,0.8366399706774559,0.7819267566147923,True,False,3.287779284414479,1.01,322.0,0,0.0,44.391136169433594
3,video,False,half_saturation,1.7105467217296644,1.0780771784411285,1.0032865433349205,0.3758297629745782,0.668639067667826,2.0545335541377456,-0.36974701436333623,-0.41347024866972304,True,False,1.3858944864699196,1.01,322.0,0,0.0,44.391136169433594
3,video,False,beta,0.1290458599845055,0.15468615966130608,0.15017682215176065,0.038900656093907346,0.09454139482777536,0.23751518013240927,0.1986913774675082,0.1637476953525851,True,True,0.1429737853046339,1.01,322.0,0,0.0,44.391136169433594
3,video,False,slope,1.8,1.9002736213886315,1.829545996470633,0.5935453894311226,0.9630414149134466,3.232162508931644,0.05570756743812861,0.016414442483685027,True,True,2.2691210940181974,1.01,322.0,0,0.0,44.391136169433594
3,video,False,decay,0.65,0.6687425164115081,0.6732215568934723,0.04961718154604499,0.5629755924955029,0.7587890891094937,0.028834640633089288,0.0357254721438035,True,True,0.19581349661399083,1.01,322.0,0,0.0,44.391136169433594
3,tv,False,roas,1.0487944719974354,1.5526102592683242,1.4636923424357569,0.4529376149321305,0.949256781578455,2.6506983729549294,0.48037608961779577,0.3955950202980628,True,False,1.7014415913764744,1.01,322.0,0,0.0,44.391136169433594
3,tv,False,half_saturation,4.383877749413351,4.801460308218408,4.131358358339725,2.6320498659337277,1.977094098679105,11.31370485682945,0.09525415229951098,-0.057601832329247406,True,True,9.336610758150345,1.01,322.0,0,0.0,44.391136169433594
3,tv,False,beta,0.1538623715199873,0.18985890988076592,0.17604737504382345,0.06237985324067014,0.11175175751243607,0.3414302701778102,0.2339528372348176,0.14418732341555152,True,True,0.22967851266537412,1.01,322.0,0,0.0,44.391136169433594
3,tv,False,slope,2.0,1.4022665985047178,1.341171129749973,0.3756687850561561,0.8436880377995869,2.2898464848627977,-0.2988667007476411,-0.32941443512501345,True,False,1.446158447063211,1.01,322.0,0,0.0,44.391136169433594
3,email,False,roas,4.317205306686439,2.8827625300317363,2.531036261578129,1.6932237750212005,0.653213204070061,7.07830969837455,-0.33226188581605187,-0.41373270859783096,True,False,6.425096494304489,1.01,322.0,0,0.0,44.391136169433594
3,email,False,half_saturation,1.2195851048319446,2.0401826997223607,1.5577508752835376,1.8091203923707737,0.5215080441234256,6.649424120546722,0.6728498008373857,0.2772793543573093,True,True,6.127916076423296,1.01,322.0,0,0.0,44.391136169433594
3,email,False,beta,0.04715137191741547,0.0446390166936108,0.03741801928824647,0.03978594343741354,0.0089701471136533,0.11499331646510377,-0.053282759793394814,-0.20642777152310088,True,True,0.10602316935145048,1.01,322.0,0,0.0,44.391136169433594
3,email,False,slope,1.0,1.5097783461284948,1.4265040279415593,0.5203467610750561,0.760748221723071,2.697644964558416,0.5097783461284948,0.4265040279415593,True,False,1.9368967428353452,1.01,322.0,0,0.0,44.391136169433594
3,email,False,decay,0.3,0.34350115235466216,0.3329937949472197,0.15561720712610447,0.05547278489629226,0.6818053229032648,0.14500384118220727,0.10997931649073238,True,True,0.6263325380069725,1.01,322.0,0,0.0,44.391136169433594
4,search,True,roas,2.227345105051925,2.883111589818544,2.8795524056586475,0.42474732917892954,2.0431303402833607,3.7265837398182993,0.2944162012789354,0.2928182521547409,True,False,1.6834533995349386,1.01,294.0,1,0.001,42.43462562561035
4,search,True,half_saturation,1.2140538375184282,1.019332574069149,0.9356229659431243,0.38925967321776894,0.6458024072493384,2.0250550512892334,-0.16038931506307563,-0.2293398060043425,True,False,1.379252644039895,1.01,294.0,1,0.001,42.43462562561035
4,search,True,beta,0.25600967903298544,0.2934319284994523,0.2857926650503253,0.05113401673073354,0.21316616102249775,0.4175734845149895,0.1461751352832454,0.11633539063772073,True,False,0.20440732349249174,1.01,294.0,1,0.001,42.43462562561035
4,search,True,slope,1.1,1.1330746982826518,1.1112610300581052,0.2621417961119739,0.7029876891937626,1.708461345898317,0.030067907529683406,0.010237300052822801,True,True,1.0054736567045546,1.01,294.0,1,0.001,42.43462562561035
4,search,True,decay,0.15,0.18636905966483677,0.18509959504113463,0.06291545194736775,0.06638907192224958,0.3124148217129972,0.24246039776557854,0.2339973002742309,True,True,0.24602574979074765,1.01,294.0,1,0.001,42.43462562561035
4,social,True,roas,1.7838504858085769,1.6272388553036057,1.61663635533681,0.2658364445498257,1.161150792573568,2.1704840863213333,-0.08779414628686376,-0.09373774977333527,True,True,1.0093332937477653,1.01,294.0,1,0.001,42.43462562561035
4,social,True,half_saturation,1.1954606695117032,1.192197618211415,1.1200115161614175,0.3334635618183897,0.8543325835353587,1.939877432548419,-0.002729534633390389,-0.06311303690242154,True,True,1.0855448490130604,1.01,294.0,1,0.001,42.43462562561035
4,social,True,beta,0.18708399621641245,0.16775778874022132,0.16410146573074258,0.029048178383389966,0.1242405072399797,0.23256273109525197,-0.10330230199827045,-0.12284605284507849,True,False,0.10832222385527226,1.01,294.0,1,0.001,42.43462562561035
4,social,True,slope,1.4,1.7453570211495097,1.7065751282691801,0.40591943343454967,1.0448632075844033,2.576362456842048,0.24668358653536418,0.21898223447798587,True,False,1.5314992492576445,1.01,294.0,1,0.001,42.43462562561035
4,social,True,decay,0.45,0.3787258331780767,0.38048567233868336,0.06748904205199752,0.2435361408814894,0.5014888747345426,-0.15838703738205184,-0.1544762836918148,True,False,0.25795273385305323,1.01,294.0,1,0.001,42.43462562561035
4,video,False,roas,1.5765441205350323,2.1635311727828155,2.0589494252501344,0.7167299920483098,1.1002204924325618,3.8337593641360153,0.3723251665475604,0.30598909249135886,True,False,2.7335388717034537,1.01,294.0,1,0.001,42.43462562561035
4,video,False,half_saturation,1.6685796690646624,2.059982815224228,1.765391368238175,1.165682268278351,0.9087402097748801,5.095250683315218,0.2345726448764476,0.0580204235784446,True,True,4.186510473540338,1.01,294.0,1,0.001,42.43462562561035
4,video,False,beta,0.12800483951649272,0.18055630410875398,0.16970538620287778,0.057818759433915776,0.09867229899683706,0.3141859287630299,0.4105427950283887,0.325773203918686,True,False,0.21551362976619287,1.01,294.0,1,0.001,42.43462562561035
4,video,False,slope,1.8,1.4099200921433397,1.3256877239186808,0.45996823678391896,0.7911363559560824,2.5425417526513834,-0.21671105992036685,-0.26350682004517734,True,False,1.751405396695301,1.01,294.0,1,0.001,42.43462562561035
4,video,False,decay,0.65,0.5763635496839238,0.5786135483305435,0.054967231303738075,0.4613579665035224,0.677892940783447,-0.11328684664011729,-0.1098253102607024,True,False,0.21653497427992457,1.01,294.0,1,0.001,42.43462562561035
4,tv,False,roas,1.0838273706387733,1.343536382889098,1.2784517909587962,0.27891323321194833,0.9507790365423262,2.088610589200042,0.23962211998508628,0.17957142031328982,True,False,1.1378315526577159,1.01,294.0,1,0.001,42.43462562561035
4,tv,False,half_saturation,4.094381982302979,5.122027295001377,4.407305611048184,2.397145349838537,2.6044363131349044,11.65750916686808,0.25098911560771764,0.0764275610086565,True,True,9.053072853733175,1.01,294.0,1,0.001,42.43462562561035
4,tv,False,beta,0.15262115480812596,0.20058968898401272,0.18415547862784895,0.06828330225361808,0.11797423984993097,0.3786202014976207,0.31429806854883513,0.20661830176404886,True,False,0.2606459616476897,1.01,294.0,1,0.001,42.43462562561035
4,tv,False,slope,2.0,1.5844115974483688,1.5420047690181522,0.3936409687209997,0.9695796715270629,2.5026893321339365,-0.2077942012758156,-0.2289976154909239,True,False,1.5331096606068737,1.01,294.0,1,0.001,42.43462562561035
4,email,False,roas,4.285557045787689,1.2657476428557133,1.0322116292561403,0.858137363261236,0.3009074896174617,3.485203135033837,-0.7046480470724739,-0.7591417829169466,False,False,3.184295645416375,1.01,294.0,1,0.001,42.43462562561035
4,email,False,half_saturation,1.2264052591771168,1.5930300611360617,1.1138874978907323,1.7023128220993806,0.24579509851644224,5.978409650545131,0.2989426204882224,-0.09174598726189481,True,True,5.732614552028688,1.01,294.0,1,0.001,42.43462562561035
4,email,False,beta,0.04677099905410311,0.01551755738625704,0.012054161035392086,0.016027344790689218,0.00300655773479923,0.04729594176400423,-0.6682226657526205,-0.7422727485156295,True,False,0.044289384029205,1.01,294.0,1,0.001,42.43462562561035
4,email,False,slope,1.0,1.2675331433301795,1.1761004089337765,0.4688745191107525,0.5924598724686378,2.4231502177920694,0.2675331433301795,0.17610040893377654,True,True,1.8306903453234316,1.01,294.0,1,0.001,42.43462562561035
4,email,False,decay,0.3,0.4490907339413748,0.44047985496416153,0.2151593076861415,0.07311398489791737,0.8486985716135179,0.496969113137916,0.4682661832138718,True,True,0.7755845867156006,1.01,294.0,1,0.001,42.43462562561035
5,search,True,roas,2.209266591963968,1.626708550183856,1.6184196168279072,0.3328872069949133,1.013373616115863,2.3284436465105176,-0.26368843121926555,-0.2674403248957006,True,False,1.3150700303946545,1.01,430.0,24,0.024,50.8423388004303
5,search,True,half_saturation,1.208961237296478,1.419827127536047,1.330877193657185,0.4473924070791727,0.9433570089495429,2.4024860137813957,0.174419066330956,0.10084356106680463,True,True,1.4591290048318528,1.01,430.0,24,0.024,50.8423388004303
5,search,True,beta,0.25649883016731617,0.21170920677598765,0.20752983015671442,0.0419658772986669,0.143572027295583,0.3031638541742633,-0.17461921117578552,-0.1909131514504721,True,False,0.1595918268786803,1.01,430.0,24,0.024,50.8423388004303
5,search,True,slope,1.1,1.498357484491406,1.4395344963028966,0.34967770411642274,0.9578930120896479,2.3618315007592274,0.3621431677194599,0.30866772391172415,True,False,1.4039384886695796,1.01,430.0,24,0.024,50.8423388004303
5,search,True,decay,0.15,0.09425073103603615,0.08931007683980101,0.049065308868550685,0.01644732130836921,0.19990394497390693,-0.37166179309309233,-0.4045994877346599,True,False,0.18345662366553772,1.01,430.0,24,0.024,50.8423388004303
5,social,True,roas,1.8991787923853627,2.4281503857377227,2.440119913865801,0.37422659358453936,1.7370528717601559,3.1644336505349675,0.2785264849593088,0.28482896062724977,True,False,1.4273807787748116,1.01,430.0,24,0.024,50.8423388004303
5,social,True,half_saturation,1.236953435785579,1.3261829550387925,1.103266741335323,0.7973301796105485,0.7310079687652038,3.1666692288820513,0.07213652242013832,-0.10807738640974195,True,True,2.4356612601168477,1.01,430.0,24,0.024,50.8423388004303
5,social,True,beta,0.18744145281457722,0.232083084313064,0.22558167466718804,0.04810824836293447,0.1583192440600702,0.3366940727684646,0.23816306813758867,0.2034780529061535,True,False,0.17837482870839438,1.01,430.0,24,0.024,50.8423388004303
5,social,True,slope,1.4,1.128924602194665,1.086672717139555,0.29849997780211956,0.6920316536576592,1.8371821065830978,-0.19362528414666777,-0.223805202043175,True,False,1.1451504529254386,1.01,430.0,24,0.024,50.8423388004303
5,social,True,decay,0.45,0.41359328923049293,0.4136481928287266,0.06886786640622113,0.26648342756006504,0.548532995142421,-0.08090380171001572,-0.08078179371394088,True,True,0.282049567582356,1.01,430.0,24,0.024,50.8423388004303
5,video,False,roas,1.5791402041115203,2.109743267779405,1.9049876459039203,0.8651819842861557,0.943096801703666,4.021746511335698,0.3360075706301331,0.20634484572301368,True,True,3.0786497096320318,1.01,430.0,24,0.024,50.8423388004303
5,video,False,half_saturation,1.7355837526512052,2.644505989949813,2.1042541001528736,1.8119092122143226,0.9196520917363995,7.539742731364236,0.5236982864757612,0.21241864412391678,True,True,6.620090639627836,1.01,430.0,24,0.024,50.8423388004303
5,video,False,beta,0.12824941508365809,0.1894221224895488,0.17959354343291561,0.06885367340985324,0.0959623280010024,0.359932894060227,0.47698235010262835,0.40034590657404057,True,False,0.2639705660592246,1.01,430.0,24,0.024,50.8423388004303
5,video,False,slope,1.8,1.302285859729971,1.2319104281580053,0.4038701686043968,0.7115840556955502,2.3278390781474543,-0.27650785570557174,-0.31560531768999706,True,False,1.616255022451904,1.01,430.0,24,0.024,50.8423388004303
5,video,False,decay,0.65,0.6625196878762931,0.670800136563403,0.06420096648286262,0.5110954028484634,0.7587214005400615,0.019261058271220145,0.032000210097543016,True,True,0.2476259976915981,1.01,430.0,24,0.024,50.8423388004303
5,tv,False,roas,1.1464670509124764,1.1226377551314686,1.0890549176356479,0.1592381374799933,0.9052950600428394,1.5176721841136347,-0.020784980922078818,-0.05007743853705521,True,True,0.6123771240707953,1.01,430.0,24,0.024,50.8423388004303
5,tv,False,half_saturation,3.3928603377549367,5.990997793219747,5.260122789048178,2.767797068869302,2.8907264449844376,14.003529213487498,0.7657661078923171,0.5503505200360864,True,False,11.11280276850306,1.01,430.0,24,0.024,50.8423388004303
5,tv,False,beta,0.15291276413820773,0.2471631985687571,0.21885048754751696,0.1164243138249004,0.1256077909397316,0.5366414920859357,0.6163673448827505,0.4312113758516096,True,False,0.4110337011462041,1.01,430.0,24,0.024,50.8423388004303
5,tv,False,slope,2.0,1.7230215735522503,1.679581914704868,0.40459346114261946,1.0505279724247456,2.72297758808051,-0.13848921322387486,-0.16020904264756597,True,False,1.6724496156557642,1.01,430.0,24,0.024,50.8423388004303
5,email,False,roas,4.278955792285155,3.085808677235108,2.6681371469678745,1.8321297645594297,0.9075433717179061,7.801330517931818,-0.2788407202526513,-0.376451340820474,True,False,6.893787146213913,1.01,430.0,24,0.024,50.8423388004303
5,email,False,half_saturation,1.2123675251146355,3.007549882863272,2.5275293090760753,2.013507912599243,0.7800529019369378,7.939491727923856,1.4807245497431918,1.0847880339231988,True,False,7.159438825986918,1.01,430.0,24,0.024,50.8423388004303
5,email,False,beta,0.046860363203644305,0.07868404947165572,0.06462290205547075,0.06466383646417435,0.02156478037239042,0.20883955356296952,0.6791173625717118,0.3790525219498312,True,True,0.18727477319057909,1.01,430.0,24,0.024,50.8423388004303
5,email,False,slope,1.0,1.5425620936099227,1.4797245825886023,0.4729147516175793,0.8104179356411102,2.6440323878324032,0.5425620936099227,0.4797245825886023,True,False,1.8336144521912932,1.01,430.0,24,0.024,50.8423388004303
5,email,False,decay,0.3,0.2996269506497204,0.2824984315062907,0.14178875752816233,0.06644651835341253,0.5989081304210284,-0.0012434978342653244,-0.05833856164569755,True,True,0.5324616120676159,1.01,430.0,24,0.024,50.8423388004303
6,search,True,roas,2.3044787671448836,1.9544913971971964,1.9566665801083116,0.38895178549563847,1.2367291005918197,2.722560048756307,-0.15187268155275796,-0.1509287878870289,True,False,1.4858309481644874,1.01,296.0,9,0.009,47.36332321166992
6,search,True,half_saturation,1.2206864513931006,2.3599502747561267,2.038067430726668,1.2640517269170504,0.9921078662334583,5.583238230269858,0.933297672029413,0.6696076444534438,True,False,4.5911303640364,1.01,296.0,9,0.009,47.36332321166992
6,search,True,beta,0.25968533381556663,0.29930519387021354,0.28611459778592374,0.06931420322280495,0.19198932645688854,0.46636914310025074,0.15256872412666042,0.10177418794519857,True,True,0.2743798166433622,1.01,296.0,9,0.009,47.36332321166992
6,search,True,slope,1.1,1.0295380338428755,1.0074093999485618,0.21297077189260002,0.7002983953069832,1.503600792863381,-0.0640563328701133,-0.08417327277403477,True,True,0.8033023975563978,1.01,296.0,9,0.009,47.36332321166992
6,search,True,decay,0.15,0.22797002778844475,0.22817384795027443,0.08195655469156829,0.07054304872024038,0.3890717755163027,0.5198001852562983,0.5211589863351629,True,False,0.3185287267960623,1.01,296.0,9,0.009,47.36332321166992
6,social,True,roas,1.9071385765753461,2.0096001827226857,2.002998826867366,0.3456478052778921,1.3749186899763808,2.696257000143277,0.05372530732996348,0.05026391446821675,True,True,1.3213383101668963,1.01,296.0,9,0.009,47.36332321166992
6,social,True,half_saturation,1.2330615429824456,1.0726485556402199,0.9406053271380796,0.5792196805695023,0.6882820108605235,2.1739007763242233,-0.1300932530538822,-0.23717892874754062,True,False,1.4856187654636996,1.01,296.0,9,0.009,47.36332321166992
6,social,True,beta,0.18977005163445254,0.1748359294572136,0.16850941113568635,0.03786760536128671,0.12256445339438428,0.2603727016124045,-0.07869588509153183,-0.11203369718062693,True,True,0.13780824821802024,1.01,296.0,9,0.009,47.36332321166992
6,social,True,slope,1.4,1.4940133106484468,1.440033305111987,0.42826405520550664,0.7876291882824972,2.4489153187250334,0.06715236474889062,0.028595217937133568,True,True,1.6612861304425364,1.01,296.0,9,0.009,47.36332321166992
6,social,True,decay,0.45,0.4434358348935607,0.44470944380230504,0.07961267583490936,0.28868905275010726,0.5922800193860127,-0.014587033569865139,-0.011756791550433274,True,True,0.30359096663590546,1.01,296.0,9,0.009,47.36332321166992
6,video,False,roas,1.5793319674197783,2.1223028756741202,2.00839062299446,0.7227121434971103,1.0647117807331994,3.897742322549209,0.34379783316956253,0.27167097508679755,True,False,2.8330305418160098,1.01,296.0,9,0.009,47.36332321166992
6,video,False,half_saturation,1.7176532028253988,2.1420696803932584,1.757698792924471,1.347436811169874,0.8520251339963798,5.450541577334158,0.24709090104436057,0.023314130019494297,True,True,4.598516443337778,1.01,296.0,9,0.009,47.36332321166992
6,video,False,beta,0.12984266690778332,0.17613215901948728,0.16473765405360113,0.059460370161302865,0.09509296117892796,0.3170487579191053,0.356504477411725,0.2687482318165945,True,False,0.22195579674017735,1.01,296.0,9,0.009,47.36332321166992
6,video,False,slope,1.8,1.4229547580587882,1.3521816420696333,0.42218485515906135,0.7901065510969411,2.4543345235559637,-0.20946957885622877,-0.24878797662798152,True,False,1.6642279724590225,1.01,296.0,9,0.009,47.36332321166992
6,video,False,decay,0.65,0.5957635522167225,0.6035942156834604,0.07219544805721861,0.4381234765295275,0.7142415262220909,-0.08344068889735003,-0.0713935143331379,True,False,0.2761180496925634,1.01,296.0,9,0.009,47.36332321166992
6,tv,False,roas,1.0740911789890981,1.8305018130514086,1.7407496176223396,0.45517700346683737,1.1727338725384675,2.876709193363866,0.7042331683369946,0.6206721102212943,False,False,1.7039753208253987,1.01,296.0,9,0.009,47.36332321166992
6,tv,False,half_saturation,4.280612333911604,3.487713777281022,3.0561914425322065,1.7004459214402965,1.7509070263081628,7.753276846457428,-0.18523017147549886,-0.2860387243384236,True,False,6.002369820149266,1.01,296.0,9,0.009,47.36332321166992
6,tv,False,beta,0.1548124105438955,0.18549828642552313,0.17453754242543135,0.05126201206952766,0.11830009562124796,0.30927086214913757,0.19821328131136465,0.12741311767084065,True,True,0.1909707665278896,1.01,296.0,9,0.009,47.36332321166992
6,tv,False,slope,2.0,1.4042015428526144,1.3564926275727949,0.3736326277368004,0.8276258432068403,2.2359309740790567,-0.2978992285736928,-0.32175368621360256,True,False,1.4083051308722165,1.01,296.0,9,0.009,47.36332321166992
6,email,False,roas,4.2976220451533695,1.5661448062611985,1.2950508870376864,1.002506485104238,0.330233463103159,4.021982775795867,-0.6355787480131219,-0.698658729541334,False,False,3.691749312692708,1.01,296.0,9,0.009,47.36332321166992
6,email,False,half_saturation,1.2099600019582593,2.006645856673257,1.4717070495618854,1.910534188371952,0.3369721763138979,7.213511534442326,0.6584398272881764,0.21632702500909262,True,True,6.876539358128428,1.01,296.0,9,0.009,47.36332321166992
6,email,False,beta,0.047442512908613135,0.024253144694728838,0.01888945067211186,0.02145231711355255,0.0036358562814422283,0.07846938439401856,-0.4887887844084729,-0.6018454859569106,True,False,0.07483352811257633,1.01,296.0,9,0.009,47.36332321166992
6,email,False,slope,1.0,1.2991117764179232,1.2360315735828113,0.4253957262409723,0.6611600513863649,2.324577631824669,0.2991117764179232,0.23603157358281135,True,True,1.6634175804383042,1.01,296.0,9,0.009,47.36332321166992
6,email,False,decay,0.3,0.35702808073720144,0.338223010192014,0.18187506324700317,0.06459419531078,0.7638206875584219,0.19009360245733817,0.12741003397338008,True,True,0.6992264922476419,1.01,296.0,9,0.009,47.36332321166992
7,search,True,roas,2.3255291504453273,2.249151667566957,2.233274517410548,0.3904043292157543,1.5137826763742663,2.9725634175508975,-0.0328430554670726,-0.039670383412357145,True,True,1.4587807411766311,1.01,446.0,2,0.002,38.86645579338074
7,search,True,half_saturation,1.267807254822548,1.3822358160136134,1.2313263057119856,0.597468178591331,0.8209723008359234,2.6780335799770083,0.09025706451496972,-0.02877483858196456,True,True,1.8570612791410848,1.01,446.0,2,0.002,38.86645579338074
7,search,True,beta,0.25772744856546664,0.25495839782569163,0.24692775270627892,0.05408865404175809,0.176343256971445,0.38178096516667254,-0.010744104887499531,-0.04190355322764325,True,True,0.20543770819522753,1.01,446.0,2,0.002,38.86645579338074
7,search,True,slope,1.1,1.302096430746938,1.2698577903357755,0.30800091384164435,0.8104690254146825,1.973324010797765,0.18372402795176176,0.15441617303252309,True,True,1.1628549853830825,1.01,446.0,2,0.002,38.86645579338074
7,search,True,decay,0.15,0.23609337190652271,0.235581881887787,0.07557257533382715,0.10264760728806217,0.3955233634132799,0.5739558127101515,0.5705458792519135,True,False,0.29287575612521777,1.01,446.0,2,0.002,38.86645579338074
7,social,True,roas,1.8418954377340806,1.8995475090387641,1.893648374008292,0.28138214655300975,1.387057640298075,2.467716233003194,0.031300403987974325,0.028097651589754902,True,True,1.0806585927051189,1.01,446.0,2,0.002,38.86645579338074
7,social,True,half_saturation,1.2070944399269075,1.7577173852088501,1.5158385353705373,0.9063645781767855,0.9884993511465063,3.7056285473193253,0.4561556470389212,0.25577459826782484,True,False,2.7171291961728192,1.01,446.0,2,0.002,38.86645579338074
7,social,True,beta,0.18833928933630256,0.23241987326844718,0.22225481764843352,0.0537011833312193,0.15840950574855603,0.3613558209851851,0.23404879612470772,0.18007675632443684,True,False,0.20294631523662907,1.01,446.0,2,0.002,38.86645579338074
7,social,True,slope,1.4,1.273769535679062,1.2525602923901413,0.2763224815320389,0.8114794067092302,1.886137986712886,-0.09016461737209856,-0.1053140768641847,True,True,1.0746585800036557,1.01,446.0,2,0.002,38.86645579338074
7,social,True,decay,0.45,0.4824884345893369,0.4845957625215744,0.06432502979260482,0.34676681024190775,0.5978015359609992,0.07219652130963748,0.07687947227016527,True,True,0.2510347257190914,1.01,446.0,2,0.002,38.86645579338074
7,video,False,roas,1.5847359215171395,1.57468340444594,1.4674402763653172,0.5715584479941256,0.753346542264922,2.9907739606090464,-0.006343338934083008,-0.07401589347424516,True,True,2.2374274183441245,1.01,446.0,2,0.002,38.86645579338074
7,video,False,half_saturation,1.710998260274792,2.586169251462435,2.2118713632432554,1.4384267430552748,1.0506721789629332,6.659274733164579,0.5114973004397372,0.29273735374109705,True,True,5.608602554201646,1.01,446.0,2,0.002,38.86645579338074
7,video,False,beta,0.12886372428273332,0.15578492486142936,0.14413828154504055,0.05889914296053836,0.07872629464879655,0.29318090345880804,0.20891217236302753,0.1185326386252356,True,True,0.2144546088100115,1.01,446.0,2,0.002,38.86645579338074
7,video,False,slope,1.8,1.4691951359103768,1.4005196197112033,0.44126609165195696,0.8308662136654691,2.6017214403511337,-0.18378048004979072,-0.22193354460488707,True,False,1.7708552266856645,1.01,446.0,2,0.002,38.86645579338074
7,video,False,decay,0.65,0.6516934321107253,0.6572304156979982,0.06985170393783595,0.496868584816037,0.7691502993328233,0.002605280170346549,0.011123716458458777,True,True,0.2722817145167863,1.01,446.0,2,0.002,38.86645579338074
7,tv,False,roas,1.135680262155725,1.7310526793059524,1.6711272019821355,0.3944284077101917,1.1612165240654913,2.6432755174658342,0.5242429907341207,0.4714768387451202,False,False,1.482058993400343,1.01,446.0,2,0.002,38.86645579338074
7,tv,False,half_saturation,3.768828544638475,3.135500559145941,2.7728384284573133,1.2486580086742138,1.7752218072405541,6.5904583936966015,-0.16804372446008572,-0.26427047672361065,True,False,4.815236586456047,1.01,446.0,2,0.002,38.86645579338074
7,tv,False,beta,0.15364520972172052,0.1825791213419587,0.17071052321450214,0.05341507173875057,0.10763066958770638,0.3164774493873664,0.1883163925035005,0.11106960980879269,True,True,0.20884677979966,1.01,446.0,2,0.002,38.86645579338074
7,tv,False,slope,2.0,1.5835497649834536,1.4798103142072585,0.5402127533382096,0.8428973575108344,2.9235736214651924,-0.20822511750827322,-0.26009484289637075,True,False,2.080676263954358,1.01,446.0,2,0.002,38.86645579338074
7,email,False,roas,4.323644948860499,2.3638388567314816,2.051516982099554,1.4130429400419675,0.5309936638895113,6.0699486799369,-0.4532763710502007,-0.5255121532029976,True,False,5.538955016047389,1.01,446.0,2,0.002,38.86645579338074
7,email,False,half_saturation,1.2179744624068998,2.083499575314516,1.5591412560862952,1.9294371142278126,0.4989191564086377,6.657888643078564,0.7106266507404506,0.2801099729178219,True,True,6.1589694866699265,1.01,446.0,2,0.002,38.86645579338074
7,email,False,beta,0.04708482233407564,0.03893174224184341,0.030730320192355692,0.0408877769754908,0.006914725878720535,0.10587148513064218,-0.17315728695724064,-0.34734127328083964,True,True,0.09895675925192164,1.01,446.0,2,0.002,38.86645579338074
7,email,False,slope,1.0,1.4451618178260133,1.354666547246992,0.4951455398101473,0.7230834265808189,2.6662419299720046,0.4451618178260133,0.3546665472469921,True,False,1.9431585033911856,1.01,446.0,2,0.002,38.86645579338074
7,email,False,decay,0.3,0.41570281574962725,0.41241057566790656,0.1784214828555573,0.10013391722747474,0.7760954960618086,0.3856760524987576,0.37470191889302196,True,True,0.6759615788343338,1.01,446.0,2,0.002,38.86645579338074
8,search,True,roas,2.4277317406820424,2.7451672125524484,2.748112899464111,0.40886089210710624,1.9765887121676633,3.5448045324444797,0.1307539323851433,0.13196728181016465,True,False,1.5682158202768164,1.01,649.0,69,0.069,38.051888942718506
8,search,True,half_saturation,1.26317647245146,1.3910725089054872,1.202301477817088,0.7340372553164123,0.6513729298066079,3.26468653419436,0.10124953974626992,-0.04819199530864545,True,True,2.613313604387752,1.01,649.0,69,0.069,38.051888942718506
8,search,True,beta,0.25893272291150043,0.28902339318612463,0.2746576907590768,0.06474489638804617,0.19413302731911705,0.4416421516726985,0.11621038058178829,0.06072993660577597,True,True,0.24750912435358144,1.01,649.0,69,0.069,38.051888942718506
8,search,True,slope,1.1,1.0513335013055056,1.0226868442716015,0.25003318867475777,0.6421592106641543,1.6180657668086604,-0.04424227154044951,-0.07028468702581689,True,True,0.9759065561445062,1.01,649.0,69,0.069,38.051888942718506
8,search,True,decay,0.15,0.15739472275514765,0.14927644742698853,0.07302929953617161,0.037184667280771466,0.3137104533720905,0.049298151700984394,-0.0048236838200764005,True,True,0.27652578609131906,1.01,649.0,69,0.069,38.051888942718506
8,social,True,roas,1.8995125649894447,2.065215609134747,2.052146452357026,0.4042335725076651,1.3307770702891462,2.902612635343536,0.08723450805192386,0.08035423938795035,True,True,1.5718355650543898,1.01,649.0,69,0.069,38.051888942718506
8,social,True,half_saturation,1.230733263805859,2.228336142138209,1.8221724189845003,1.5104389144264778,0.9824625314293584,5.927990091809412,0.8105760262361088,0.4805583570153162,True,False,4.945527560380054,1.01,649.0,69,0.069,38.051888942718506
8,social,True,beta,0.18922006674301955,0.2688933081385816,0.25286213755082676,0.0737769749706984,0.17136217995002453,0.44776970030085517,0.4210612688545689,0.3363389089923519,True,False,0.2764075203508306,1.01,649.0,69,0.069,38.051888942718506
8,social,True,slope,1.4,1.1388512121941325,1.1108060720673816,0.2537836925997808,0.7333977012189506,1.7400936910303004,-0.1865348484327624,-0.2065670913804417,True,False,1.00669598981135,1.01,649.0,69,0.069,38.051888942718506
8,social,True,decay,0.45,0.509577923927933,0.5139240106913545,0.053797673057960724,0.39944927435850464,0.6062074499158916,0.13239538650651775,0.1420533570918989,True,False,0.20675817555738696,1.01,649.0,69,0.069,38.051888942718506
8,video,False,roas,1.5752099961266188,2.0855734504093126,1.9918352363223193,0.6439667618214766,1.0640119144388946,3.598372602214326,0.32399708961831,0.2644886975198012,True,False,2.534360687775431,1.01,649.0,69,0.069,38.051888942718506
8,video,False,half_saturation,1.7784669427813369,2.48074828848897,2.0348310465608384,1.5380905266145808,1.0086102161911914,7.275663859994136,0.3948801795603457,0.1441489282778429,True,True,6.267053643802945,1.01,649.0,69,0.069,38.051888942718506
8,video,False,beta,0.12946636145575022,0.18773457747942002,0.1761429978148426,0.06522986334938637,0.10164983575568566,0.3593589651015163,0.4500645215366237,0.3605309968879121,True,False,0.2577091293458307,1.01,649.0,69,0.069,38.051888942718506
8,video,False,slope,1.8,1.3848764428556315,1.3341650871997714,0.3771224862523408,0.848156734942457,2.2831109878406215,-0.23062419841353807,-0.2587971737779048,True,False,1.4349542528981645,1.01,649.0,69,0.069,38.051888942718506
8,video,False,decay,0.65,0.6615518603202184,0.6655459943189821,0.05467466648310008,0.5364407118412745,0.7536314854713366,0.017772092800335964,0.02391691433689549,True,True,0.21719077363006212,1.01,649.0,69,0.069,38.051888942718506
8,tv,False,roas,1.1042657171592514,1.2745512543660085,1.2389631510985508,0.2229087208145154,0.9328246815717207,1.7792985728268447,0.15420703057305854,0.12197918657278581,True,False,0.846473891255124,1.01,649.0,69,0.069,38.051888942718506
8,tv,False,half_saturation,4.052375038704271,6.0898735921342775,5.288312854768819,2.9097620048081043,3.038499773529655,14.24062977684606,0.5027912110724794,0.3049909754798344,True,False,11.202130003316405,1.01,649.0,69,0.069,38.051888942718506
8,tv,False,beta,0.15436373865877911,0.22948048045926941,0.2057731615700426,0.0924861554708717,0.12510487816017318,0.4694283511080742,0.4866216797620831,0.33304079933503017,True,False,0.344323472947901,1.01,649.0,69,0.069,38.051888942718506
8,tv,False,slope,2.0,1.611067285766918,1.5557555291234881,0.4049313903666002,0.9934965844570968,2.5967777203152482,-0.19446635711654103,-0.22212223543825593,True,False,1.6032811358581514,1.01,649.0,69,0.069,38.051888942718506
8,email,False,roas,4.177888100070802,1.9083551661731395,1.6609874628622403,1.134916261357804,0.5249108509139722,4.726227916842305,-0.5432249211890574,-0.602433712182456,True,False,4.2013170659283325,1.01,649.0,69,0.069,38.051888942718506
8,email,False,half_saturation,1.1839814293269217,2.2864494721069426,1.6586935178110416,2.119559605216183,0.4113175078751673,7.980135748600991,0.9311531544939516,0.40094555262913845,True,True,7.5688182407258235,1.01,649.0,69,0.069,38.051888942718506
8,email,False,beta,0.04730501668575489,0.03580008938179344,0.027333464964790333,0.039618328807927525,0.006169139916058533,0.11737770505693965,-0.24320734057421795,-0.4221867598871105,True,False,0.11120856514088111,1.01,649.0,69,0.069,38.051888942718506
8,email,False,slope,1.0,1.3869341203208616,1.3213086784320127,0.4492833054728201,0.7101563598701135,2.426605567751347,0.3869341203208616,0.3213086784320127,True,False,1.7164492078812337,1.01,649.0,69,0.069,38.051888942718506
8,email,False,decay,0.3,0.4012110708148134,0.385365935045326,0.21101648073345122,0.056226903673058784,0.8147257659644078,0.337370236049378,0.2845531168177534,True,True,0.758498862291349,1.01,649.0,69,0.069,38.051888942718506
9,search,True,roas,2.3118367679224465,2.1162097059425724,2.1113317740133697,0.3729004012995931,1.4102326365943223,2.857663454828969,-0.0846197554664191,-0.08672973658484656,True,True,1.447430818234647,1.03,464.0,5,0.005,45.83200287818909
9,search,True,half_saturation,1.2237350802432936,1.4916743877230128,1.2725052413810696,0.8619675438169261,0.8122646852185885,3.6398452155753134,0.21895205245440014,0.039853528696815556,True,True,2.827580530356725,1.03,464.0,5,0.005,45.83200287818909
9,search,True,beta,0.26255564947530746,0.2575559202960163,0.24820941512826694,0.05849296065433323,0.17635723109282117,0.4093594059723795,-0.019042550367065533,-0.05464073759490648,True,True,0.23300217487955835,1.03,464.0,5,0.005,45.83200287818909
9,search,True,slope,1.1,1.2059223280649893,1.1809396523565712,0.26324157172765167,0.7483174936340711,1.7771281943731942,0.09629302551362658,0.07358150214233734,True,True,1.0288107007391232,1.03,464.0,5,0.005,45.83200287818909
9,search,True,decay,0.15,0.16540896498634697,0.16154810711905543,0.0709284736305739,0.0470416320436998,0.313208186457197,0.10272643324231316,0.0769873807937029,True,True,0.2661665544134972,1.03,464.0,5,0.005,45.83200287818909
9,social,True,roas,1.9383579748828146,2.1325768836273187,2.130896366304339,0.28263569019993223,1.588541270532194,2.679168764488901,0.10019764731860006,0.09933066746000038,True,False,1.0906274939567069,1.03,464.0,5,0.005,45.83200287818909
9,social,True,half_saturation,1.2556629879478556,1.2234253924855785,1.0867485934506251,0.4804856581788479,0.7996048319781377,2.5800212633689656,-0.025673764196047052,-0.13452207807230918,True,True,1.780416431390828,1.03,464.0,5,0.005,45.83200287818909
9,social,True,beta,0.19186759000118625,0.19975817894224077,0.19185794041947332,0.037817626015245756,0.1474926417758822,0.2976260036568528,0.04112517878087556,-5.029292186798526e-05,True,True,0.15013336188097062,1.03,464.0,5,0.005,45.83200287818909
9,social,True,slope,1.4,1.4529658666762486,1.4271696070380313,0.34236132918217693,0.8456774200067966,2.2177549061666633,0.037832761911606214,0.019406862170022427,True,True,1.3720774861598666,1.03,464.0,5,0.005,45.83200287818909
9,social,True,decay,0.45,0.34774549181379316,0.3509387536019753,0.07534275258781435,0.18835729592144326,0.49147201117607264,-0.227232240413793,-0.22013610310672158,True,False,0.3031147152546294,1.03,464.0,5,0.005,45.83200287818909
9,video,False,roas,1.5840878803332703,2.0129552319884416,1.8938075690531737,0.6889967037706738,1.0091439127738457,3.7119655595517145,0.2707345703351657,0.19551925910495738,True,True,2.7028216467778687,1.03,464.0,5,0.005,45.83200287818909
9,video,False,half_saturation,1.7055427622680084,1.8959585460809723,1.602281243430173,1.1677800889182401,0.911908346139299,4.572413896183873,0.1116452709516069,-0.06054466714192472,True,True,3.660505550044574,1.03,464.0,5,0.005,45.83200287818909
9,video,False,beta,0.13127782473765373,0.16011048385074558,0.14996215831255338,0.05628498926575387,0.08555204052929434,0.28768263450232917,0.21963084146702752,0.14232665427111182,True,True,0.20213059397303484,1.03,464.0,5,0.005,45.83200287818909
9,video,False,slope,1.8,1.5312939303487538,1.448230691363368,0.5097540841430226,0.7967302891450843,2.742206493688245,-0.1492811498062479,-0.19542739368701778,True,True,1.9454762045431606,1.03,464.0,5,0.005,45.83200287818909
9,video,False,decay,0.65,0.5720063179477064,0.5796545242659167,0.0726384526150366,0.4114351126839907,0.6922566206506854,-0.11999028008045172,-0.10822380882166667,True,False,0.2808215079666947,1.03,464.0,5,0.005,45.83200287818909
9,tv,False,roas,0.9566828702172148,1.5811337760471682,1.4482164106676967,0.5928518521029001,0.7829775637573215,3.008373768052191,0.6527250829610568,0.5137894235932952,True,False,2.2253962042948694,1.03,464.0,5,0.005,45.83200287818909
9,tv,False,half_saturation,4.556987507556691,4.237871290553974,3.654556081538937,2.2472830784713453,1.7439696866777437,10.156638929176177,-0.07002788936189493,-0.19803245554684631,True,True,8.412669242498433,1.03,464.0,5,0.005,45.83200287818909
9,tv,False,beta,0.15652356026412562,0.170399935790494,0.1588606576676264,0.053715520031862925,0.09980383604849766,0.3045273580198229,0.08865358993210164,0.014931281907701542,True,True,0.20472352197132523,1.03,464.0,5,0.005,45.83200287818909
9,tv,False,slope,2.0,1.4684504257180364,1.4031911225352642,0.44415398907753867,0.8235845197717108,2.582298207681989,-0.2657747871409818,-0.2984044387323679,True,False,1.7587136879102783,1.03,464.0,5,0.005,45.83200287818909
9,email,False,roas,4.125302100770789,1.846103457271313,1.6100138215468358,1.0983363662726782,0.4948587820122233,4.436622630569849,-0.5524925418367834,-0.6097222016186368,True,False,3.9417638485576254,1.03,464.0,5,0.005,45.83200287818909
9,email,False,half_saturation,1.1857838618764789,2.114186733878795,1.6447188389385872,1.7704916557719452,0.39464749317706177,6.876711511166955,0.7829444318234671,0.38703088464693136,True,True,6.482064017989893,1.03,464.0,5,0.005,45.83200287818909
9,email,False,beta,0.04796689750029656,0.03210063174532454,0.026365044317207584,0.028313309543999028,0.006578312114134443,0.0956947685673782,-0.3307753176005166,-0.4503491847258919,True,False,0.08911645645324376,1.03,464.0,5,0.005,45.83200287818909
9,email,False,slope,1.0,1.3889724513550505,1.3173506505444723,0.48260390284810284,0.6646663443736606,2.5077464750726377,0.38897245135505054,0.3173506505444723,True,False,1.843080130698977,1.03,464.0,5,0.005,45.83200287818909
9,email,False,decay,0.3,0.34906836748877995,0.32393117528873544,0.19017323114929993,0.06250604964327666,0.7766178381674593,0.1635612249625999,0.07977058429578485,True,True,0.7141117885241827,1.03,464.0,5,0.005,45.83200287818909
10,search,True,roas,2.136864969921365,2.0702188516948064,2.0469980571271678,0.39449094279335634,1.3044559583774131,2.8509540592664053,-0.03118873638001154,-0.04205549440847653,True,True,1.5464981008889922,1.01,247.0,43,0.043,44.7992787361145
10,search,True,half_saturation,1.21563910402546,1.3414331652328502,1.247639005727011,0.4147003434568155,0.8726384142712569,2.377287969601702,0.1034797751987712,0.02632352117958925,True,True,1.504649555330445,1.01,247.0,43,0.043,44.7992787361145
10,search,True,beta,0.25682273458497096,0.25853278485081616,0.25217628875621456,0.05014787358255456,0.1782220673005504,0.37290633240902094,0.0066584847661896535,-0.018092034711277082,True,True,0.19468426510847053,1.01,247.0,43,0.043,44.7992787361145
10,search,True,slope,1.1,1.3056099686556675,1.2632631046056648,0.30635928506002086,0.8299870543415561,1.9909085954520842,0.18691815332333397,0.14842100418696794,True,True,1.160921541110528,1.01,247.0,43,0.043,44.7992787361145
10,search,True,decay,0.15,0.23689570282718478,0.23820299285886556,0.06388774282459424,0.11499963927828785,0.360065056204287,0.5793046855145653,0.5880199523924372,True,False,0.24506541692599917,1.01,247.0,43,0.043,44.7992787361145
10,social,True,roas,1.9266399540702586,2.1842419758184985,2.164607352174282,0.32005663172670806,1.6067608488289484,2.7927651097309956,0.1337053252757604,0.12351420284900072,True,False,1.1860042609020471,1.01,247.0,43,0.043,44.7992787361145
10,social,True,half_saturation,1.2596714005045657,1.7289725217697356,1.4186908089998185,1.0779817226287693,0.8604245714949632,4.32846705775236,0.3725583680610592,0.12623880198562656,True,True,3.4680424862573966,1.01,247.0,43,0.043,44.7992787361145
10,social,True,beta,0.18767815219670955,0.23464069417510003,0.22408070035234165,0.055884676470966614,0.1553113209057791,0.37273196801812597,0.2502291365761531,0.19396263086327595,True,False,0.21742064711234688,1.01,247.0,43,0.043,44.7992787361145
10,social,True,slope,1.4,1.1345180836236077,1.091961841843383,0.2827317220822377,0.7233636595075335,1.7712866068323283,-0.18962994026885158,-0.22002725582615498,True,False,1.0479229473247949,1.01,247.0,43,0.043,44.7992787361145
10,social,True,decay,0.45,0.47837635545230167,0.4785051806726078,0.06764912079262783,0.34487835040996817,0.6030236311461022,0.06305856767178146,0.06334484593912837,True,True,0.2581452807361341,1.01,247.0,43,0.043,44.7992787361145
10,video,False,roas,1.5786742101295017,2.1508488996212147,2.0039471686678283,0.8011943664961086,0.9925941032370162,4.042272466473276,0.3624400055567997,0.2693861442782679,True,True,3.0496783632362594,1.01,247.0,43,0.043,44.7992787361145
10,video,False,half_saturation,1.7485417146089173,1.9782820544116266,1.695725109277582,1.0573449146812677,0.8148337873570032,4.92633302954398,0.13138968197512726,-0.030206088244882582,True,True,4.111499242186977,1.01,247.0,43,0.043,44.7992787361145
10,video,False,beta,0.12841136729248548,0.16289460209733536,0.15432485469020568,0.05212748792394569,0.08848301719430188,0.29197054754344814,0.2685372450423851,0.20180057220866177,True,True,0.20348753034914627,1.01,247.0,43,0.043,44.7992787361145
10,video,False,slope,1.8,1.4110787567933731,1.359647887367145,0.4353448248621227,0.7624497609282953,2.5433534351986027,-0.21606735733701493,-0.24464006257380838,True,False,1.7809036742703075,1.01,247.0,43,0.043,44.7992787361145
10,video,False,decay,0.65,0.6131766701016645,0.6272720492932171,0.08384156455064261,0.42915940640667544,0.7467470494085522,-0.056651276766669964,-0.03496607801043524,True,True,0.31758764300187675,1.01,247.0,43,0.043,44.7992787361145
10,tv,False,roas,1.108054564937242,1.17101415138733,1.11829452582448,0.22141514345700034,0.8912778223988871,1.7094288178744377,0.05681993327977845,0.00924138685157448,True,True,0.8181509954755506,1.01,247.0,43,0.043,44.7992787361145
10,tv,False,half_saturation,3.915224693098005,3.9128670348130745,3.51788969648071,1.4814164407497112,2.3535544155697545,7.853126355895704,-0.0006021770063635763,-0.10148459609936088,True,True,5.499571940325949,1.01,247.0,43,0.043,44.7992787361145
10,tv,False,beta,0.15310586100257884,0.15368308151738047,0.14245359070131386,0.049534469208537386,0.09455576509837663,0.287215170906912,0.003770074581220067,-0.06957454294375807,True,True,0.19265940580853538,1.01,247.0,43,0.043,44.7992787361145
10,tv,False,slope,2.0,1.9760188826457852,1.8498474741696116,0.6196977107383176,1.0584526004846975,3.394774910124443,-0.01199055867710741,-0.0750762629151942,True,True,2.3363223096397454,1.01,247.0,43,0.043,44.7992787361145
10,email,False,roas,4.198732030991781,1.6821031589562787,1.4404829950934803,1.0511599660651105,0.43117488525463027,4.426477863418752,-0.5993783012251559,-0.6569242846504724,True,False,3.9953029781641214,1.01,247.0,43,0.043,44.7992787361145
10,email,False,half_saturation,1.203180105860562,2.2401273000059145,1.6123861973953408,2.1405043446257923,0.37532100922072614,7.988621525573546,0.8618387131689539,0.34010377128210445,True,True,7.61330051635282,1.01,247.0,43,0.043,44.7992787361145
10,email,False,beta,0.04691953804917739,0.030222422036108268,0.023183293212527288,0.031920088166886205,0.004673326985729854,0.10178130673576749,-0.35586701632843254,-0.5058925518783162,True,False,0.09710797975003764,1.01,247.0,43,0.043,44.7992787361145
10,email,False,slope,1.0,1.362190061095455,1.3021313560047494,0.481569183012168,0.6691532351464797,2.5079005905767566,0.36219006109545493,0.3021313560047494,True,True,1.838747355430277,1.01,247.0,43,0.043,44.7992787361145
10,email,False,decay,0.3,0.34711743506900233,0.33093101796415103,0.17736587547312047,0.05786875892080877,0.7193814625156173,0.15705811689667448,0.10310339321383681,True,True,0.6615127035948085,1.01,247.0,43,0.043,44.7992787361145
11,search,True,roas,2.3140008067186195,2.177600223540431,2.1674225362288206,0.37043648281458796,1.4641554794585865,2.9356465051983998,-0.05894578030489627,-0.06334408789496272,True,True,1.4714910257398133,1.01,427.0,7,0.007,53.64904189109802
11,search,True,half_saturation,1.2105976543207204,1.302948020301011,1.12190932369194,0.6521843513873322,0.6913409471140579,3.0398674743876595,0.07628493715536684,-0.07325995578485112,True,True,2.3485265272736013,1.01,427.0,7,0.007,53.64904189109802
11,search,True,beta,0.26071483679873375,0.24290269957444013,0.2346921060963542,0.05063757615702175,0.16495558578769703,0.3543696428047514,-0.06832038192764689,-0.09981300267337116,True,True,0.18941405701705438,1.01,427.0,7,0.007,53.64904189109802
11,search,True,slope,1.1,1.150148620689284,1.1085363795145389,0.2766993958863024,0.716763656460963,1.8051004596286007,0.04558965517207621,0.007760345013217075,True,True,1.0883368031676377,1.01,427.0,7,0.007,53.64904189109802
11,search,True,decay,0.15,0.13533448536513007,0.1293622964953799,0.06155863194045064,0.03166811109905009,0.26570268859807517,-0.0977700975657995,-0.1375846900308007,True,True,0.23403457749902506,1.01,427.0,7,0.007,53.64904189109802
11,social,True,roas,1.8495835094262896,1.6465986779626105,1.6385166656993129,0.25696112733492693,1.156530734198048,2.175269198901422,-0.10974623769577273,-0.11411587671023633,True,False,1.0187384647033741,1.01,427.0,7,0.007,53.64904189109802
11,social,True,half_saturation,1.2216553349246124,1.5020424166763626,1.3705029767508912,0.47946618693096926,0.9972588394281687,2.8804715618662287,0.22951406483977962,0.12184094610896455,True,True,1.88321272243806,1.01,427.0,7,0.007,53.64904189109802
11,social,True,beta,0.19052238073753622,0.19098984462930715,0.18402349298006315,0.039633833170354134,0.13181963814507947,0.29084994197507497,0.002453590438883476,-0.034110888874656346,True,True,0.1590303038299955,1.01,427.0,7,0.007,53.64904189109802
11,social,True,slope,1.4,1.551540669957323,1.5072910065637153,0.36853168631301136,0.9502822801083491,2.3421680682062904,0.10824333568380227,0.0766364332597967,True,True,1.3918857880979414,1.01,427.0,7,0.007,53.64904189109802
11,social,True,decay,0.45,0.4725147241111877,0.4758610975725759,0.06268789247087418,0.3397986223755667,0.5809050605295081,0.0500327202470838,0.05746910571683528,True,True,0.2411064381539414,1.01,427.0,7,0.007,53.64904189109802
11,video,False,roas,1.575828753486722,3.011252658386032,2.8758180311656583,1.0858517294341838,1.3214303015011515,5.629156451990599,0.9109009476589712,0.8249559317930609,True,False,4.307726150489447,1.01,427.0,7,0.007,53.64904189109802
11,video,False,half_saturation,1.7369763266114435,1.4768637662358683,1.3498014313258133,0.6245289263429484,0.708262973290974,3.307983465529039,-0.14975020464614633,-0.22290165349630586,True,False,2.599720492238065,1.01,427.0,7,0.007,53.64904189109802
11,video,False,beta,0.13035741839936688,0.19614825498211524,0.18897455868915342,0.05689111369155056,0.1075062527530945,0.32020500719559386,0.5046957617800438,0.44966478325157777,True,False,0.21269875444249936,1.01,427.0,7,0.007,53.64904189109802
11,video,False,slope,1.8,1.3576188072975859,1.2705980769553578,0.46246381005869036,0.7048814986303644,2.4968240768695504,-0.24576732927911898,-0.2941121794692457,True,False,1.791942578239186,1.01,427.0,7,0.007,53.64904189109802
11,video,False,decay,0.65,0.48346797504803496,0.4863583525840668,0.05519306331357987,0.373592422602759,0.5847711095063212,-0.2562031153107155,-0.25175638063989725,False,False,0.21117868690356217,1.01,427.0,7,0.007,53.64904189109802
11,tv,False,roas,1.0184123864965378,1.3362361807173035,1.239021909438096,0.37788347219244967,0.8888274336375852,2.365231599500996,0.31207769900964993,0.21662101312463597,True,False,1.4764041658634108,1.01,427.0,7,0.007,53.64904189109802
11,tv,False,half_saturation,4.403332314730304,6.827439687642123,5.972793185832322,3.226769894726865,3.1212699871238816,16.012814664984433,0.5505165632860692,0.35642571555450386,True,False,12.891544677860551,1.01,427.0,7,0.007,53.64904189109802
11,tv,False,beta,0.15542615270693744,0.24927798532679174,0.2275162557222103,0.09806609328089466,0.13398265261574593,0.48835821107275496,0.6038355256519531,0.4638222188462825,True,False,0.354375558457009,1.01,427.0,7,0.007,53.64904189109802
11,tv,False,slope,2.0,1.5509308139114173,1.5146738124085286,0.3923883031866869,0.8902997742973426,2.473753345346453,-0.22453459304429135,-0.2426630937957357,True,False,1.5834535710491104,1.01,427.0,7,0.007,53.64904189109802
11,email,False,roas,4.290226872825513,3.4206372683125648,2.8851043540291665,1.985544170952001,1.1045373874325306,8.848310483857448,-0.20269082039016798,-0.3275170662177459,True,False,7.743773096424917,1.01,427.0,7,0.007,53.64904189109802
11,email,False,half_saturation,1.2053268659090857,3.7585324485906075,3.006806728454018,2.8639098610331946,0.9750465571206588,11.222885830845712,2.118268209972931,1.4945986134526374,True,False,10.247839273725052,1.01,427.0,7,0.007,53.64904189109802
11,email,False,beta,0.047630595184384054,0.1428053273267389,0.09452973175926231,0.2415553560237715,0.031995147233300276,0.5495015182163245,1.9981848174250483,0.9846430932329476,True,False,0.5175063709830242,1.01,427.0,7,0.007,53.64904189109802
11,email,False,slope,1.0,1.6610530804982078,1.610471909678863,0.4856884348232148,0.910562182694871,2.7021079570877546,0.6610530804982078,0.6104719096788629,True,False,1.7915457743928838,1.01,427.0,7,0.007,53.64904189109802
11,email,False,decay,0.3,0.47879775463050184,0.4838455199360182,0.15164708899026286,0.1378555704303971,0.7537879551657533,0.5959925154350062,0.6128183997867275,True,False,0.6159323847353562,1.01,427.0,7,0.007,53.64904189109802
